[
  {
    "Ci": 54332615,
    "Password": "1234567",
    "FirstName": "Nicolas",
    "LastName": "Lorenzo",
    "Age": 22,
    "Genre": "Hombre",
    "Country": "Uruguay",
    "Discipline": "Atletismo",
    "Score": 0
  },
  {
    "Ci": 54332616,
    "Password": "2345678",
    "FirstName": "Ana",
    "LastName": "Martinez",
    "Age": 25,
    "Genre": "Mujer",
    "Country": "Argentina",
    "Discipline": "Natacion",
    "Score": 0
  },
  {
    "Ci": 54332617,
    "Password": "3456789",
    "FirstName": "Carlos",
    "LastName": "Gomez",
    "Age": 30,
    "Genre": "Hombre",
    "Country": "Brasil",
    "Discipline": "Gimnasia",
    "Score": 0
  },
  {
    "Ci": 54332618,
    "Password": "4567890",
    "FirstName": "María",
    "LastName": "Rodriguez",
    "Age": 28,
    "Genre": "Mujer",
    "Country": "Chile",
    "Discipline": "Clavados",
    "Score": 0
  },
  {
    "Ci": 54332619,
    "Password": "5678901",
    "FirstName": "Juan",
    "LastName": "Fernandez",
    "Age": 35,
    "Genre": "Hombre",
    "Country": "Paraguay",
    "Discipline": "Halterofilia",
    "Score": 0
  },
  {
    "Ci": 54332620,
    "Password": "6789012",
    "FirstName": "Lucia",
    "LastName": "Diaz",
    "Age": 23,
    "Genre": "Mujer",
    "Country": "Perú",
    "Discipline": "Esgrima",
    "Score": 0
  },
  {
    "Ci": 54332621,
    "Password": "7890123",
    "FirstName": "Miguel",
    "LastName": "Perez",
    "Age": 27,
    "Genre": "Hombre",
    "Country": "Colombia",
    "Discipline": "Surf",
    "Score": 0
  },
  {
    "Ci": 54332622,
    "Password": "8901234",
    "FirstName": "Sofia",
    "LastName": "Garcia",
    "Age": 24,
    "Genre": "Mujer",
    "Country": "Venezuela",
    "Discipline": "Kitesurf",
    "Score": 0
  },
  {
    "Ci": 54332623,
    "Password": "9012345",
    "FirstName": "Pedro",
    "LastName": "Lopez",
    "Age": 29,
    "Genre": "Hombre",
    "Country": "Ecuador",
    "Discipline": "Atletismo",
    "Score": 0
  },
  {
    "Ci": 54332624,
    "Password": "0123456",
    "FirstName": "Laura",
    "LastName": "Hernandez",
    "Age": 26,
    "Genre": "Mujer",
    "Country": "Bolivia",
    "Discipline": "Natacion",
    "Score": 0
  }
]
