[
  {
    "TeamName": "Equipo1",
    "Discipline": "Natacion",
    "Participants": [
      {
        "Score": 109,
        "Ci": 54332615,
        "Password": "1234567",
        "FirstName": "Nicolas",
        "LastName": "Lorenzo",
        "Age": 22,
        "Genre": "Hombre",
        "Country": "Uruguay",
        "Discipline": "Atletismo"
      }
    ],
    "Score": 10
  },
  {
    "TeamName": "Equipo2",
    "Discipline": "Atletismo",
    "Participants": [],
    "Score": 100
  },
  {
    "TeamName": "Equipo3",
    "Discipline": "Gimnasia",
    "Participants": [],
    "Score": 50
  },
  {
    "TeamName": "Equipo4",
    "Discipline": "Clavados",
    "Participants": [],
    "Score": 20
  },
  {
    "TeamName": "Equipo5",
    "Discipline": "Halterofilia",
    "Participants": [],
    "Score": 30
  },
  {
    "TeamName": "Equipo6",
    "Discipline": "Esgrima",
    "Participants": [],
    "Score": 40
  },
  {
    "TeamName": "Equipo7",
    "Discipline": "Surf",
    "Participants": [],
    "Score": 70
  },
  {
    "TeamName": "Equipo8",
    "Discipline": "Kitesurf",
    "Participants": [],
    "Score": 80
  },
  {
    "TeamName": "Equipo9",
    "Discipline": "Natacion",
    "Participants": [],
    "Score": 60
  },
  {
    "TeamName": "Equipo10",
    "Discipline": "Atletismo",
    "Participants": [],
    "Score": 90
  }
]